{
  "project_info": {
    "project_number": "571119342461",
    "project_id": "stuntify-f03d8",
    "storage_bucket": "stuntify-f03d8.appspot.com"
  },
  "client": [
    {
      "client_info": {
        "mobilesdk_app_id": "1:571119342461:android:57e144457152c6e4a47214",
        "android_client_info": {
          "package_name": "com.ninis.stuntify"
        }
      },
      "oauth_client": [
        {
          "client_id": "571119342461-isjn1hl9s67gm6qq1u0co2teusuqnh67.apps.googleusercontent.com",
          "client_type": 3
        }
      ],
      "api_key": [
        {
          "current_key": "AIzaSyCbBPRCk07oAMCCRQLZUDbfUarWNI4cezg"
        }
      ],
      "services": {
        "appinvite_service": {
          "other_platform_oauth_client": [
            {
              "client_id": "571119342461-isjn1hl9s67gm6qq1u0co2teusuqnh67.apps.googleusercontent.com",
              "client_type": 3
            }
          ]
        }
      }
    }
  ],
  "configuration_version": "1"
}